rule_index,update_us
0,10.307
1,7.739
2,8.178
3,6.189
4,6.930
5,6.808
6,6.682
7,6.312
8,7.581
9,6.619
10,6.847
11,6.094
12,6.139
13,6.557
14,6.063
15,6.604
16,6.414
17,5.034
18,5.048
19,5.151
20,5.491
21,4.691
22,4.902
23,4.869
24,4.931
25,4.665
26,4.798
27,4.695
28,4.862
29,4.792
30,4.048
31,4.894
32,4.537
33,4.549
34,3.895
35,24.566
36,5.094
37,5.562
38,5.629
39,6.120
40,4.842
41,4.449
42,4.862
43,4.760
44,4.977
45,5.084
46,4.440
47,5.034
48,3.968
49,4.922
50,4.551
51,4.686
52,4.801
53,4.642
54,4.496
55,4.897
56,4.637
57,4.603
58,4.741
59,4.471
60,4.613
61,4.657
62,4.766
63,4.921
64,4.675
65,4.699
66,4.692
67,4.629
68,4.438
69,4.676
70,4.506
71,4.649
72,5.134
73,4.692
74,4.564
75,4.596
76,4.655
77,4.800
78,4.495
79,4.683
80,4.759
81,4.542
82,4.670
83,4.646
84,4.424
85,4.512
86,4.426
87,4.625
88,4.623
89,4.687
90,4.762
91,4.730
92,4.833
93,4.688
94,4.261
95,4.872
96,4.804
97,4.647
98,4.696
99,4.780
100,4.349
101,4.864
102,4.842
103,4.812
104,4.414
105,4.809
106,4.344
107,5.136
108,4.895
109,5.987
110,4.611
111,4.014
112,4.726
113,4.700
114,5.675
115,4.590
116,4.682
117,4.634
118,4.449
119,4.666
120,4.691
121,4.609
122,4.526
123,4.695
124,9.381
125,5.136
126,5.023
127,5.315
128,3.805
129,4.114
130,4.477
131,4.081
132,4.491
133,4.762
134,4.423
135,4.408
136,4.586
137,4.540
138,4.569
139,4.685
140,4.259
141,4.771
142,4.445
143,4.691
144,4.446
145,4.979
146,4.524
147,4.511
148,4.761
149,4.982
150,4.522
151,4.653
152,4.494
153,4.512
154,4.385
155,4.586
156,4.247
157,4.725
158,4.424
159,5.616
160,5.571
161,4.464
162,4.421
163,4.096
164,4.488
165,4.746
166,4.595
167,5.234
168,4.411
169,3.776
170,5.519
171,5.160
172,5.374
173,4.589
174,4.205
175,4.486
176,4.402
177,4.642
178,4.426
179,4.702
180,4.253
181,4.902
182,4.692
183,4.715
184,4.468
185,4.708
186,4.522
187,4.650
188,4.404
189,4.688
190,4.524
191,4.422
192,4.305
193,4.652
194,4.405
195,4.638
196,4.422
197,4.916
198,4.711
199,4.426
200,4.545
201,4.592
202,4.441
203,4.560
204,4.343
205,4.584
206,4.480
207,4.456
208,4.242
209,4.488
210,4.807
211,4.739
212,4.609
213,4.569
214,4.482
215,4.742
216,4.394
217,4.531
218,4.537
219,4.634
220,4.584
221,4.612
222,4.498
223,4.496
224,4.364
225,4.744
226,4.362
227,4.541
228,4.312
229,4.768
230,4.245
231,4.732
232,4.384
233,4.524
234,3.704
235,4.584
236,4.301
237,4.600
238,4.361
239,3.888
240,4.278
241,4.593
242,4.394
243,4.486
244,5.478
245,5.596
246,5.029
247,4.539
248,5.214
249,4.586
250,3.563
251,4.683
252,10.600
253,4.701
254,4.314
255,5.691
256,4.486
257,4.562
258,4.551
259,4.533
260,4.666
261,13.389
262,4.523
263,4.758
264,7.300
265,4.536
266,4.296
267,4.506
268,4.872
269,4.653
270,4.228
271,4.611
272,4.468
273,5.100
274,4.285
275,4.661
276,4.643
277,4.486
278,4.302
279,4.506
280,4.335
281,4.485
282,4.317
283,4.544
284,4.631
285,4.508
286,4.376
287,4.648
288,4.289
289,4.716
290,4.215
291,4.568
292,4.442
293,4.407
294,4.285
295,4.552
296,4.533
297,4.362
298,4.469
299,4.527
300,4.518
301,4.472
302,4.238
303,4.580
304,4.372
305,4.540
306,4.283
307,4.583
308,4.570
309,4.523
310,4.413
311,4.666
312,4.346
313,33.145
314,3.025
315,3.870
316,6.047
317,4.952
318,4.329
319,4.539
320,6.803
321,4.656
322,4.168
323,5.303
324,4.480
325,4.346
326,4.456
327,4.538
328,4.222
329,4.476
330,4.538
331,4.625
332,4.725
333,4.734
334,4.476
335,4.780
336,4.579
337,4.553
338,4.434
339,4.416
340,5.165
341,4.438
342,4.404
343,4.528
344,4.725
345,4.357
346,4.544
347,4.403
348,4.455
349,4.526
350,4.638
351,4.577
352,4.591
353,4.299
354,4.536
355,4.344
356,4.276
357,4.338
358,4.311
359,4.508
360,4.564
361,4.412
362,4.319
363,4.514
364,4.448
365,4.637
366,4.408
367,4.643
368,4.270
369,4.459
370,4.584
371,4.577
372,4.419
373,4.353
374,4.438
375,4.548
376,4.341
377,4.373
378,4.322
379,4.284
380,12.261
381,4.384
382,4.484
383,4.411
384,4.161
385,4.685
386,4.352
387,4.368
388,4.675
389,4.600
390,4.302
391,4.563
392,4.585
393,4.715
394,4.315
395,4.434
396,4.476
397,4.762
398,4.492
399,4.900
400,4.650
401,4.417
402,4.370
403,4.479
404,4.383
405,4.436
406,4.413
407,4.409
408,4.339
409,4.314
410,4.234
411,4.305
412,4.547
413,4.566
414,4.346
415,4.705
416,4.508
417,4.375
418,4.305
419,4.477
420,4.522
421,4.503
422,4.227
423,4.449
424,4.300
425,4.394
426,4.145
427,4.447
428,4.510
429,4.901
430,3.895
431,4.414
432,4.798
433,5.860
434,5.456
435,3.504
436,4.577
437,4.992
438,4.839
439,5.018
440,4.376
441,4.297
442,4.364
443,4.279
444,4.441
445,4.476
446,4.365
447,4.589
448,4.510
449,4.425
450,4.936
451,4.492
452,4.350
453,4.539
454,4.391
455,4.707
456,4.606
457,4.526
458,4.456
459,4.499
460,4.320
461,4.284
462,4.351
463,4.393
464,4.284
465,4.494
466,4.567
467,4.289
468,4.324
469,4.549
470,4.369
471,4.591
472,4.569
473,4.443
474,4.374
475,4.419
476,4.458
477,4.446
478,4.169
479,4.499
480,4.479
481,4.425
482,4.357
483,4.312
484,4.372
485,4.293
486,4.497
487,4.695
488,4.195
489,4.337
490,4.456
491,4.274
492,4.522
493,4.463
494,4.889
495,4.387
496,4.318
497,4.469
498,4.412
499,4.612
